{
  "emulators": {
    "ui": {
      "enabled": true
    },
    "firestore": {
      "port": 8080
    },
    "hosting": {
      "port": 5000
    }
  },
  "firestore": {
    "rules": "firestore.rules",
    "indexes": "firestore.indexes.json"
  },
  "hosting": {
    "site": "pushtest-admin",
    "public": "public",
    "cleanUrls": true,
    "ignore": [
      "firebase.json",
      "**/.*",
      "**/node_modules/**"
    ]
  },
  "functions": {
    "predeploy": [
      "npm --prefix \"$RESOURCE_DIR\" run lint",
      "npm --prefix \"$RESOURCE_DIR\" run build"
    ]
  }
}
